,dissimilarity_0,dissimilarity_45,dissimilarity_90,dissimilarity_135,correlation_0,correlation_45,correlation_90,correlation_135,homogeneity_0,homogeneity_45,homogeneity_90,homogeneity_135,contrast_0,contrast_45,contrast_90,contrast_135,ASM_0,ASM_45,ASM_90,ASM_135,energy_0,energy_45,energy_90,energy_135,label
0,9.467571644042252,17.856441813366576,19.83077510500192,17.545957314223408,0.9433292386364005,0.8415549287504107,0.8176183895910343,0.8535823437374628,0.5929855444007002,0.5461179422455242,0.5411698565089079,0.5444703791739803,712.0064856711919,2010.7265150334933,2300.106300114548,1858.0941735472813,0.2982348675634545,0.25690122996893416,0.257132897157539,0.25847172832950055,0.546108842231523,0.5068542492363403,0.507082732064048,0.5084011490245676,PBM
1,6.796245421245426,10.939247921390772,12.134579439252335,11.896541950113363,0.9290572752595752,0.8780069623385289,0.8566598057416618,0.8565939656041279,0.7533013654422597,0.7275480634564963,0.7270165265361287,0.7293856836008603,794.9685897435902,1395.4242252456522,1627.9725233644863,1640.3579931972768,0.5265845971031414,0.49983209629803793,0.4997680419687309,0.4963041814210347,0.725661489334484,0.7069880453713754,0.7069427430624993,0.7044885956642838,PBM
2,7.048076923076935,13.216269841269824,13.832056074766353,13.684996220710488,0.9292378072485933,0.8510744090675224,0.8393860086545892,0.8432248346326717,0.7358282373139958,0.6853131867907004,0.6881190927915186,0.6885966006752489,909.5529304029308,1948.8232237339353,2088.8327102803732,2051.541855631138,0.46055387835607636,0.4277522310180675,0.43261286356887046,0.42528861270509605,0.6786412000137306,0.654027698968528,0.6577331248833911,0.6521415587931013,PBM
3,6.686263736263745,11.257653061224474,12.344018691588786,11.712301587301571,0.9262072789659643,0.8604441685746163,0.8432626092887983,0.8532528670930306,0.7563800011259519,0.7297583724091871,0.7305171124109838,0.7298304352233893,747.2544871794878,1442.929043839756,1608.9310280373834,1517.283068783067,0.5348525636832646,0.5057233179894309,0.5063259804349726,0.5043171057948235,0.7313361495805226,0.7111422628345406,0.7115658651417819,0.7101528749465311,PBM
4,6.398992673992682,11.900793650793641,13.012616822429898,12.481198034769454,0.9410492157455091,0.8733534767270625,0.85672178064994,0.8633215333631711,0.7300474317034298,0.6908278053271378,0.689022027803466,0.688962943329938,706.8292124542127,1546.675547996975,1738.7237383177564,1669.1910430838989,0.47389958313206987,0.4426028208036167,0.44308191981832434,0.44047254607205194,0.6884036484011905,0.6652840151421171,0.665643988794554,0.6636810574907588,PBM
5,7.112820512820525,12.252834467120172,13.126168224299063,12.697940287225983,0.934122795595682,0.8724328078821169,0.856485636674673,0.8608228780377664,0.7295178437796154,0.7006121454237955,0.6991826440242844,0.7006799099719028,820.8423992673995,1620.0144557823123,1810.5991588785043,1767.452475434617,0.4885641631529344,0.45813264338447146,0.4588286498820852,0.45647419289637764,0.6989736498273268,0.6768549648074331,0.677368917121302,0.6756287389508957,PBM
6,6.914743589743598,13.242252456538154,14.856822429906547,13.868953136810257,0.9434485656969086,0.8679444210249639,0.8445945789442948,0.857172427896238,0.6971292396918783,0.6597706273034469,0.6559095337802648,0.657893297839052,723.27673992674,1716.7212773998467,2008.9689719626185,1856.7570861677978,0.4323081745025428,0.398870188743801,0.3981935583893789,0.3962523081374977,0.6575014634984038,0.6315617062043906,0.6310257985133246,0.6294857489550479,PBM
7,7.151465201465211,12.365268329554034,13.867196261682253,13.540532879818581,0.9342410749624896,0.8678208142877083,0.8446458246955174,0.8489738039210238,0.7218362137209696,0.6893587395666443,0.6858064257384034,0.6857042073196836,787.6311355311361,1612.345899470898,1883.1362616822437,1842.2451814058938,0.4734501219743326,0.44291661895242157,0.4417151967420735,0.438155315416772,0.6880771192056401,0.6655198110893631,0.6646165787445221,0.6619330142973472,PBM
8,7.0290293040293115,13.197184429327258,14.159345794392525,13.022675736961439,0.9370817721533905,0.8609936127759484,0.8476863023721574,0.8628441068803389,0.7040070305764625,0.6613362717994937,0.6609736052490097,0.6633036741985032,759.5324175824177,1706.1855631141325,1858.852242990655,1683.4723167044572,0.4341769604784716,0.40125691303070626,0.40369020547646034,0.4023953831501094,0.6589210578502341,0.6334484296536745,0.6353661979334913,0.6343464220361847,PBM
9,7.28186813186814,13.647486772486758,15.209906542056071,14.44699546485259,0.9340164367466885,0.8595333330181165,0.8380552979081475,0.8462528241974463,0.6965806240266789,0.654562571859203,0.652809271477748,0.65427618325937,825.3813186813194,1785.8998488284174,2047.4849532710275,1954.7488662131482,0.42726267837016524,0.394166715853847,0.3937806948205084,0.39126999034895626,0.6536533319506336,0.6278269792338069,0.6275194776423345,0.6255157794564069,PBM
10,7.432142857142855,12.902588813303083,13.836168224299051,13.388321995464832,0.9333059028583075,0.8693324985836027,0.851566622115288,0.8571582953078634,0.6963600831171277,0.6622498894203221,0.6659472670182308,0.6625285730532501,787.8806776556779,1569.6506046863165,1772.829252336448,1715.893896447465,0.4391347663325686,0.40828714715026315,0.40995108088042576,0.40678510140986224,0.6626724427140218,0.6389735105231383,0.6402742231891159,0.6377970691449297,PBM
11,10.86757164404225,19.354728150802305,20.164032073310416,18.371085838915725,0.9185033724791741,0.8085222981305882,0.7965569405527928,0.8262806894271957,0.5697326806296849,0.5230780100788529,0.528538144552991,0.5243083030369702,920.7194570135757,2182.4717245676898,2306.6710958381072,1980.060757127278,0.27125427691670745,0.23597575704682416,0.2426368472762196,0.23576294473674256,0.5208207723552388,0.485773359754139,0.49258181784980615,0.48555426549124514,PBM
12,7.872893772893779,14.901077097505661,15.856822429906543,14.820861678004523,0.93370763521405,0.8543605229979196,0.8392756565650644,0.8522122041387932,0.6397712316880313,0.5894434049619575,0.588930534061519,0.5892180620778463,821.8759157509164,1825.7675736961446,2007.321308411215,1852.6993575207844,0.3431882524336169,0.30808636659343713,0.31023120141497074,0.30829742289699463,0.5858227141666811,0.5550552824660235,0.5569840225850027,0.5552453717925028,PBM
13,6.561446886446889,14.555177626606197,16.202242990654195,14.472411186696908,0.9517609727824107,0.8722880724956462,0.8570185476105041,0.8763254020327382,0.6185396822509741,0.5397065553281493,0.5331004089716813,0.5330087830779524,589.1067765567776,1577.5799319727898,1759.374205607474,1527.7082388510962,0.2780129494475311,0.24486690029060237,0.2470506649052315,0.24524185212108696,0.5272693329291313,0.4948402775548918,0.49704191463621206,0.49521899410370657,PBM
14,7.647435897435912,15.389266817838239,16.986074766355138,15.597316704459535,0.9411858230531527,0.861654953997413,0.8468770723350857,0.8623918155586889,0.57854349061872,0.5056595222738384,0.4986012539102609,0.49799332808536795,735.0618131868137,1739.1442743764162,1921.326261682244,1729.881141345426,0.2305836371160896,0.20007218442040012,0.20354942025504413,0.20091032707279582,0.4801912505617835,0.4472942928547156,0.45116451573128413,0.44823021659945667,PBM
15,7.172435897435906,14.125566893424033,15.223084112149525,13.662320483749047,0.94367426433235,0.8686192084865143,0.8571430302367765,0.8756449117893325,0.6075879786567738,0.5368785053496954,0.533517740327164,0.5340957020153644,610.1942307692314,1438.9403817082384,1558.861775700934,1361.9917800453513,0.27506322203437644,0.24447149360027437,0.24795827364835343,0.24606419640429006,0.5244647004655093,0.49444058652205564,0.4979540878919998,0.496048582705656,PBM
16,7.269963369963375,14.432445200302343,15.743644859813067,14.4198790627362,0.9446299727920439,0.872197757042383,0.8589011978806338,0.8731082060225839,0.628827841707074,0.5600635296546184,0.5564310519654292,0.5588725117323028,687.3048534798543,1606.1832955404373,1765.832897196261,1594.7410241874509,0.3014837219404534,0.2689596275543052,0.27201183946196145,0.2691114918609585,0.5490753335749599,0.5186131771892276,0.5215475428587134,0.5187595703801121,PBM
17,8.430494505494519,18.42724867724866,20.255233644859857,17.781934996220702,0.9382536436593925,0.8419207556419727,0.8245414016223548,0.8497087224359137,0.5335620122049272,0.4371925298180057,0.435531416067499,0.4415309304782198,864.0041208791223,2213.4071239606947,2456.7250467289764,2104.360922146636,0.1773277893504547,0.14779652786883196,0.15073789959821887,0.14869876673006888,0.4211030626229815,0.38444313996848994,0.3882497902101415,0.38561479060076115,PBM
18,7.6860805860806,15.497354497354497,16.489252336448647,14.569066515495072,0.9399703250113509,0.8595675678535636,0.8515567046763797,0.8708675807732734,0.5390954100101684,0.4452676048832789,0.4401808253505896,0.4483465380297639,717.955036630037,1678.3553476946322,1774.953831775705,1543.305083144367,0.1694705972255768,0.14052779506024268,0.14442990217486315,0.14247798199652723,0.4116680668033128,0.3748703710087564,0.3800393429302592,0.37746255707888066,PBM
19,9.411996336996356,17.271069538926657,17.991401869158913,16.42167422524564,0.9306154346147781,0.846695873548282,0.8401111346039883,0.8574339277430518,0.49830597745582045,0.4188552345245532,0.41820501468112864,0.42372464727918524,903.8553113553127,1988.9348072562339,2077.871214953277,1849.6215986394539,0.15371092754162846,0.1253613305073643,0.12868771835968276,0.12650719990534603,0.3920598519889896,0.3540640203513544,0.3587307045120096,0.3556785063865204,PBM
20,8.06520146520147,16.893140589569143,18.22794392523363,16.405517762660605,0.942129068771946,0.8609120162705304,0.8505113618371095,0.8665218875630145,0.6011598910633994,0.5094585469724123,0.5022196474396061,0.5100449525585389,987.8964285714293,2386.0051020408123,2560.4830841121484,2289.7697467876014,0.23891717905110801,0.20638650848818937,0.20947826666084346,0.20788522449743688,0.48879154969281946,0.4542978191541198,0.4576879577406898,0.45594432170763666,PBM
21,9.689517345399718,18.30658981149712,18.53776250477281,16.540271070260147,0.9273131250796477,0.8163087242400839,0.8122865746161019,0.84378118930278,0.5833234528151232,0.5296469492396689,0.5356132121093906,0.538363251313821,787.1987179487185,2007.8476398192856,2039.9407407407416,1707.5583424209367,0.27825312977029815,0.2386928735358575,0.24301815338639818,0.24197521422966306,0.5274970424280103,0.48856204676157305,0.49296871440934076,0.49190976228335115,PBM
22,8.381986531986529,14.83922025272782,15.645473863153441,14.255617371803158,0.9407313768246861,0.8628230503550872,0.8540681096433774,0.8751532180292544,0.6032903165038574,0.5592555690453074,0.5585928239559552,0.5618588974977052,770.4566498316499,1794.459352223229,1901.7579260518519,1633.1641437012129,0.2833711669515015,0.25478884990886863,0.2594863372147111,0.2562358867475871,0.5323261847321635,0.5047661338767376,0.5093980145374647,0.506197478013855,PBM
23,4.970975628992827,7.624533715925391,7.952340223330955,7.335086880280562,0.9780500173593596,0.947602235596053,0.9445902413661189,0.9551348994297415,0.6064355619509555,0.5820691224973205,0.5826195905708507,0.5835170914611473,211.751683886742,506.82021361390053,535.0988991842873,433.96011477761823,0.2901520721260355,0.278238913033418,0.2800917742497918,0.2782320354892813,0.5386576576324108,0.5274835666003426,0.529236973623151,0.5274770473577797,PBM
24,5.123076923076928,9.481103552532124,10.3288785046729,10.020786092214665,0.9350987871339661,0.8689871622930379,0.8503747256115605,0.8561945200943075,0.8108249445371116,0.7823372321964772,0.7813355589646896,0.7819932438805207,579.5340659340659,1197.6019463340895,1356.6591588785045,1314.5408163265306,0.6160034212772882,0.5891962924809424,0.5895489704340987,0.5868772396235941,0.7848588543663684,0.7675912274648157,0.7678209234151533,0.766079134047909,PBM
25,6.108791208791214,10.932634164777031,11.90205607476636,10.645880574452008,0.9376749129252673,0.8668178166503684,0.8473951629502483,0.8677152507886556,0.7830792616962339,0.757438101596803,0.7563290093039062,0.7610215180180215,681.6439560439567,1489.291005291006,1693.393831775702,1479.2555744520046,0.5754436486132918,0.5463517590835784,0.5461144947156958,0.5475421323916109,0.7585800212326264,0.7391561127959224,0.7389955985766734,0.7399608992315816,PBM
26,6.38031135531136,11.617441421012836,12.645700934579448,12.339758125472397,0.9399014145276979,0.87769115945749,0.8623219761354546,0.8650312967462663,0.7603725907058388,0.7303300799979435,0.7302343478565526,0.7279538207505976,710.1366300366305,1475.7708805744505,1649.22093457944,1628.5239984882824,0.5373363147650585,0.5078744258579376,0.5084535821905843,0.5051868775455919,0.7330322740269071,0.7126530894186439,0.7130593118321815,0.7107649945977867,PBM
27,6.353388278388286,11.818972033257733,12.84775700934579,12.009826152683285,0.9381945998222111,0.8734099450363403,0.8564459025408034,0.8655696561718967,0.7575478225099952,0.7224242991151134,0.7231913130924845,0.7262005544931501,774.4108974358978,1618.820011337868,1822.8423364485982,1719.080782312923,0.5242680114452098,0.49344299164614097,0.4945003340903131,0.4927183667149137,0.7240635410274501,0.7024549748177039,0.7032071772175772,0.7019390049818529,PBM
28,8.34814814814814,14.007072928796308,14.06731831704209,12.82028722991331,0.9235783651383963,0.8335601299828167,0.832994965954055,0.8583892216389981,0.6251476655219084,0.5928493897815912,0.5987222371867773,0.5962429791542029,674.9506734006729,1484.6042178807088,1480.9046323841908,1263.134601285203,0.3366914736945773,0.30892493741441357,0.31524150973998727,0.31021508772027917,0.5802512160216274,0.5558101631082447,0.5614637207691938,0.5569695572652774,PM
29,8.817424242424247,13.875447449001605,14.402974925626864,13.399404838918365,0.9315242788291058,0.8620366532245995,0.8629876161245494,0.8853473900657216,0.5871728950988961,0.5539121245286809,0.5536109874926141,0.5499745673206493,523.6324915824916,1064.716435933928,1051.6402889927754,884.8184758701,0.29272105259242265,0.26614463429876245,0.27113844683632177,0.26622074420630115,0.5410370159170467,0.5158920762124211,0.5207095609227104,0.5159658362782377,PM
30,10.572171945701374,18.17198940644959,19.206720122184024,18.31188658669574,0.9128806188369635,0.7943158053274743,0.7827241363612711,0.8040535659329261,0.5443726721752347,0.4949911572555273,0.49517566621509473,0.4902643821688739,794.1248114630475,1888.518616606947,1986.834822451318,1799.1099859791236,0.23604885410481674,0.19982703376050415,0.2045133537469086,0.19920239114769697,0.48584859174933986,0.44702017153648016,0.4522315267060763,0.44632095082764933,PM
31,11.197963800904992,18.505764137716156,18.804734631538757,18.09432933478736,0.9068788627319887,0.8046638786822496,0.8007510311860813,0.8183360576083131,0.5596736689885254,0.5143026803847731,0.5212732522806953,0.5141405366301244,953.7181749622936,2016.8661006387283,2047.1880870561286,1875.6994080074785,0.2548140764021125,0.21963295538946262,0.22432007354835398,0.21926633659163586,0.5047911215563449,0.4686501417789849,0.47362440134388556,0.4682588350385242,PM
32,9.556944444444444,14.897011256307415,15.856693582660448,15.242894725492738,0.9299454751862073,0.8484277057532313,0.8366263585551257,0.8517008092749326,0.5643585859017214,0.5322333989389699,0.5345365426473394,0.5278163225797005,612.8835437710434,1333.5278820028464,1432.630174245645,1304.7312287057403,0.26251375461970977,0.23545830885747737,0.2386683247814687,0.2331750051213462,0.5123609612565245,0.4852404649835763,0.4885369226388817,0.48288197845989883,PM
33,8.61463046757166,17.798099392428725,19.148377243222598,17.047515189281818,0.9292667927359524,0.80661240614539,0.7920364812660814,0.8273205143727272,0.6098513340641837,0.5562312881235187,0.5548944520189205,0.5562011970615703,747.6168929110115,2069.0229007633575,2210.307751050018,1847.4701666926308,0.30703578675930326,0.26641997035159176,0.26794160685249996,0.2664008821955947,0.5541081002469674,0.5161588615451562,0.5176307630468846,0.5161403706314733,PM
34,8.335606060606061,14.731185578125668,15.629069273268172,14.588001897615053,0.9380926637750213,0.8416671194191288,0.8305614419152277,0.853017795864761,0.6109116361648863,0.5760418230248592,0.5757699175769015,0.5714892621303566,616.1946969696968,1590.0574459826635,1692.6173395665107,1476.0683141415452,0.31591945425778534,0.28684739776516377,0.28958800684679026,0.28542315790787826,0.5620671261137635,0.5355813642810622,0.53813381871686,0.5342500892914088,PM
35,8.132967032967041,16.159105851413557,17.166705202312134,15.618578003193388,0.9402109189103102,0.8457222208634089,0.8297818950560706,0.85084077692333,0.6436233038976511,0.5996606026060305,0.6022935852165999,0.6027404025032623,810.295604395605,2114.2070066685455,2317.0786589595336,2044.0628346012966,0.3479625642786706,0.3170366553280487,0.3225417712586451,0.31735279364622454,0.5898835175512794,0.5630600814549445,0.5679276109317499,0.5633407438187162,PM
36,6.823260073260076,12.39644970414201,13.423815028901732,12.893397201089519,0.9375709229667839,0.8564403140658827,0.8360705991309394,0.8498336696262698,0.7444973773400969,0.7172844743983441,0.7188213234391821,0.7154742455627673,691.099816849817,1616.4371184371194,1826.8632601156064,1690.825866441252,0.5102116216925631,0.48262851169953974,0.48603663122723734,0.48086528103921994,0.7142909923081511,0.6947146980592391,0.6971632744395228,0.6934445046571642,PM
37,6.881868131868134,12.27829435521744,13.165040462427738,12.643937259321875,0.9388796350184161,0.8610687635140449,0.8397226857069053,0.854198882081224,0.7331104009406623,0.702506915474329,0.7058445562047916,0.7019452284585808,690.2828754578757,1595.0144641683114,1821.849710982658,1673.8848501925434,0.48791141388754755,0.4607959264037906,0.4642637548865644,0.4585649577792549,0.6985065596596409,0.6788195094454715,0.6813690298851015,0.6771742447695829,PM
38,6.469597069597069,12.199023199023205,13.208231213872832,12.573119188503803,0.9395542783019225,0.8569793565102363,0.8361635391050155,0.8493470236168043,0.7329591102173093,0.7000567660053121,0.7014268490894963,0.7001047047022212,636.4534798534801,1530.6579318117783,1736.1751676300569,1612.3418803418804,0.479726589230367,0.4525807739930897,0.4554134983460855,0.4512560940563414,0.6926229776944791,0.6727412385108331,0.6748433139226361,0.6717559780577627,PM
39,3.706375950994354,4.552347160469347,4.662087922156461,4.602423467748013,0.9778255225965929,0.9686976587268235,0.9650103204121083,0.9653254054919581,0.613984426441844,0.6012638143346187,0.6028137892138201,0.6030260543666603,158.1077008239287,223.3443928383189,249.549055359074,247.40565537025122,0.2841863391500297,0.28025481359549803,0.28087354164092976,0.2801926745694737,0.5330913047030778,0.5293909836741632,0.5299750386960972,0.5293322912589725,PM
40,7.138827838827841,13.51112989574529,15.390982658959542,14.35690804921575,0.943151981975481,0.8584226704827275,0.8319703566528834,0.847132346308572,0.6889628466119431,0.6480236482711221,0.6458554188338567,0.6474178940318873,664.6342490842499,1677.668075514231,1974.967676300578,1811.456560533485,0.4033602125514904,0.3742116986015601,0.3756567246483342,0.37044449244256406,0.6351064576521722,0.6117284516855171,0.6129084145680611,0.6086415139000658,PM
41,6.236263736263739,13.444820137127827,14.316578034682072,12.72893772893773,0.9409823200775469,0.8359525275747314,0.8209904050873583,0.8474416721420662,0.7218579673722668,0.6820048048239947,0.683710536351939,0.6849065752470627,626.1026556776561,1767.7160702545325,1910.7612485549118,1643.9132149901393,0.4566499512773553,0.4262168422955863,0.4295951501219548,0.42689799259092914,0.675758796670347,0.6528528488837176,0.6554350845979752,0.6533743127724942,PM
42,6.123534798534807,12.917911148680393,14.56490173410404,13.29839391377853,0.9448461947528682,0.8511031332971413,0.8251652917655902,0.8445078147704569,0.710318061820158,0.6676934346492813,0.6656482000061316,0.6675812284317096,593.7348901098903,1626.9455245609106,1893.1816878612713,1699.0103315487938,0.4350146566269509,0.40622558494873606,0.4077647509773126,0.4035452944734003,0.6595564089802712,0.637358286169354,0.6385646020390674,0.6352521503099382,PM
43,7.833745421245427,15.389499389499399,16.551213872832356,14.723584108199505,0.9369945740104617,0.8438647650184449,0.8265440852967161,0.8513941058212817,0.6502972256092139,0.6041059944677706,0.6049290507647443,0.6068870174731876,723.6671703296705,1814.6692025922803,2001.6274682080912,1727.1600450831234,0.3518508472792473,0.32171115693559765,0.32514324862173777,0.32149818899065746,0.5931701672195318,0.5671958717547207,0.5702133360609324,0.5670081031084631,PM
44,6.707142857142861,12.038884192730364,13.184924855491332,12.77477223631071,0.9343087473369852,0.8552034779358794,0.8340473141853716,0.8426294733773033,0.7367421359009295,0.7043453135684324,0.7052819474206223,0.7037824082159784,717.1667582417585,1606.7241476472268,1823.3741502890177,1746.2506809429901,0.4891881002277641,0.4626894173516199,0.46456914430819596,0.458931233445182,0.6994198311656341,0.680212773587515,0.6815930929140904,0.6774446349667123,PM
45,6.906410256410258,14.81252935099091,15.93738728323699,14.088851319620558,0.939503854234799,0.8320847276286427,0.8133172815199999,0.8407556448651088,0.690582824388671,0.6469375401772032,0.64780271077686,0.650624945015046,667.4687728937731,1878.574528036067,2071.033988439305,1781.5674837982542,0.41374500089730204,0.38138763461714714,0.38514763767583254,0.382611133442896,0.6432301305888135,0.6175658949595153,0.6206026407257969,0.6185556833809677,PM
46,8.197069597069603,15.996618765849542,16.825526011560687,15.064619141542222,0.9413471850574482,0.8459306285585615,0.8337658244126538,0.8586322591066043,0.6293384187289399,0.5826688145450258,0.5869220132805377,0.5891931342801588,764.1293040293044,2027.696628158168,2174.466404624277,1860.531323377479,0.3301590792258721,0.29864703416570726,0.3045716077383138,0.30043977515638043,0.5745947086650487,0.5464860786568193,0.5518800664440725,0.5481238684425086,PM
47,7.906862745098065,16.482396011839864,18.333562428407774,15.182349275588091,0.9339856019512287,0.8157405067339858,0.7954042733850406,0.8504668775028261,0.6095555658419461,0.5529164010644421,0.5451685419116279,0.5556361254024824,618.1332579185529,1751.528664901075,1934.898969072166,1421.4277145972894,0.30252133908442175,0.25858538658830965,0.25423320723919457,0.25999637203687326,0.5500193988255521,0.5085129168352654,0.5042154373273339,0.5098983938363341,PM
48,8.036726998491726,16.21934880822558,17.935089728904163,15.724879264682981,0.9323280958600266,0.814223636547757,0.7887778886297332,0.8295288270728052,0.611993051836979,0.5589776772390914,0.5527442531359152,0.5607832218868044,591.406862745098,1647.3268421872567,1862.9481481481484,1511.611777535442,0.30758524827728995,0.2686404974803029,0.26388699725811954,0.26806151536271355,0.5546036857768707,0.518305409464635,0.5136993257325919,0.5177465744577298,PM
49,7.956410256410276,16.088487303318267,16.992898052691864,15.121670042062634,0.9266602226111608,0.8062660707043362,0.7920708802613733,0.8275351798239232,0.6373013501966396,0.5871339396920429,0.5880095674815032,0.5886553038951057,654.4226244343895,1753.9901853871313,1865.8552119129436,1561.4281040660533,0.33911302889876255,0.2987765487065545,0.3014384645585663,0.30040008253170136,0.5823341213588317,0.5466045633788237,0.5490341196670443,0.5480876595323976,PM
50,6.774158249158242,12.665415965842937,13.736591585210377,12.293742183119846,0.9380540796861815,0.8509738223304701,0.8377469758903272,0.8619028115500805,0.6189559138007943,0.5721897163835301,0.5696763770917559,0.5730370626694046,504.2769360269358,1224.3023677060426,1325.6689332766684,1134.516884461121,0.30465931764332416,0.27332509848295056,0.27331404023654204,0.27269001752742195,0.551959525366964,0.5228050291293597,0.5227944531424774,0.5221972975106458,PM
51,9.70211161387634,19.693799657267494,21.22138220694923,18.436282910110616,0.9256257238361966,0.7844365232935379,0.7612642183009176,0.8049625926028442,0.6024239465743436,0.5478556420927302,0.5477390010217179,0.5515145842698528,789.4469079939672,2315.3244274809153,2545.813974799542,2094.8579996884264,0.30398768452734415,0.2632268118767697,0.2687587709342297,0.2656398830431186,0.5513507817418455,0.5130563437642787,0.5184194932043255,0.5154026416726234,PM
52,9.132956259426862,17.894298177286178,19.40282550591829,17.150257049384642,0.9231866437341902,0.7942046764374227,0.7717361972606265,0.8116636072031856,0.6052906948590439,0.5555783480599876,0.554657609400682,0.5556402109458423,701.7970588235298,1903.4761645116073,2097.86147384498,1741.9921327309555,0.31339609936096535,0.2715251510664333,0.27400361939310086,0.27290984631158455,0.5598179162557817,0.5210807529226477,0.5234535503682259,0.5224077395211374,PM
53,10.088386123680259,18.584436828166368,19.138907980145092,17.27083657890637,0.9090122864596184,0.7787948673623585,0.7668293198802894,0.8008401498879373,0.6020775809791109,0.5549453267020731,0.5601500848835996,0.5596817791706471,863.4342383107091,2124.00506309394,2223.057808323789,1912.3269200810096,0.30416455095787054,0.26414862844014847,0.2711567610091089,0.2667209637535939,0.5515111521609246,0.5139539166502659,0.5207271464107752,0.5164503497468018,PM
54,10.113278388278399,17.984502676810383,19.374797687861264,18.632009016624423,0.9362385022327603,0.8477649383627532,0.8272048826563037,0.839331772147257,0.5986438926972716,0.5570700015058458,0.5609137121392227,0.556027349961892,854.6192307692311,2056.095801634266,2323.16476300578,2169.9946463792635,0.3155807051617495,0.2848634978839591,0.28845031801931226,0.28221870757958967,0.5617657030842569,0.5337260513446567,0.5370757097647522,0.5312426070822912,PM
55,8.671611721611733,16.965436273128592,18.016647398843936,16.507748661594842,0.9421894820193275,0.8492452217805541,0.8332518920037421,0.8547291697632234,0.6124865585308413,0.5693729796662212,0.5717200127185159,0.5705534192539625,786.8865384615389,2068.8389217620006,2277.146820809249,1993.5815722738796,0.32288284698741476,0.2910139868600544,0.29539616452270373,0.2908144508459877,0.5682278125782078,0.5394571223554792,0.543503601204908,0.539272149147337,PM
56,8.40302197802199,16.55903071287687,17.547468208092482,16.3594439748286,0.9369001104861651,0.8358375628604318,0.8181385632893289,0.8347756371188747,0.6307830753675152,0.5856788910563032,0.5892562080066439,0.5904718587192462,821.292307692308,2155.946088099935,2375.5648554913296,2169.8923640462144,0.34220965685337285,0.3089738501907699,0.31300271228574283,0.308506216982603,0.5849868860524763,0.5558541626998668,0.5594664532264136,0.5554333596234592,PM
57,9.70429292929293,15.079397938500033,15.502422439439027,14.41790658558675,0.9373670463938728,0.8667041449073652,0.8633763354768659,0.8821476667716478,0.5701405525358241,0.5394831759891077,0.5411317072681134,0.5387520422809081,682.3025252525249,1461.1612541510337,1492.1725456863594,1291.8726010264375,0.27791189904799923,0.25145108464444166,0.2571011796209562,0.25106623573722303,0.5271734999485457,0.5014489850866602,0.5070514565810419,0.5010651012964513,PSM
58,7.558424908424918,12.969671201814045,13.77719626168225,12.995937263794394,0.929423369353785,0.8589455044799634,0.8482838486820192,0.8602146006048559,0.6958184768062831,0.6623614097620483,0.6631642111653548,0.6637676933177262,774.8347985347989,1574.9517195767173,1684.1751401869162,1560.7815570672697,0.43888427030082305,0.4065964203640423,0.4088709439689055,0.40707931841849376,0.6624834113401052,0.6376491357824006,0.6394301713001237,0.6380276784109713,PSM
59,9.866742081447985,16.949602741860105,18.229095074455905,17.6152827543231,0.931270312919515,0.8384165792832576,0.8233595371019473,0.8414985187264705,0.5881000124117276,0.5397751907125146,0.5422893503184509,0.5390702724853903,776.5756410256415,1844.0941735472807,2003.7198930889658,1808.9210936282902,0.28410539642240507,0.24865140600347613,0.25314374746415796,0.24617040078162167,0.5330153810373628,0.49864958237571616,0.503133925972159,0.496155621535846,PSM
60,5.835714285714291,10.792611489040057,11.734018691588783,10.872637944066515,0.9306417949485953,0.8526227565213732,0.8347834503987621,0.8497832869822285,0.771695293736686,0.7421081323259482,0.7406231863325269,0.7421157604583442,632.1490842490845,1372.5532879818597,1527.2189719626165,1398.9978269085423,0.5538359931620583,0.5237524686876727,0.5238285952921651,0.5225918107752887,0.7442015809994348,0.7237074468925082,0.7237600398558662,0.7229051187917324,PSM
61,6.44532967032968,11.486394557823111,12.709719626168223,12.071617535903226,0.9337789577905019,0.8613083245497203,0.8436386894449202,0.8536793354600922,0.7558913976898278,0.7265958842812139,0.7213038696622192,0.7229989270413785,728.6869047619051,1557.4150604686297,1743.5473831775703,1643.083522297805,0.5232758557071746,0.4935805015085723,0.49318976875709647,0.491262805538986,0.7233780862779675,0.7025528460611147,0.7022747103214642,0.7009014235532597,PSM
62,10.271342383107111,18.155242249571586,18.751431844215354,17.153217011995647,0.9172440205615219,0.8227107053495932,0.8236016142913846,0.8530845507698308,0.5485798025696943,0.48832173283862984,0.49172465077797745,0.4920961568696296,886.8105580693824,1911.8801215142553,1894.4478045055375,1584.3298800436198,0.23375463522222947,0.19368619316665375,0.19749638476192666,0.19717649525486403,0.4834817837542894,0.4400979358809284,0.44440565338655025,0.4440456004228215,PSM
63,12.094645550527922,20.443293347873514,21.100878197785416,20.01908396946567,0.8956168537924872,0.7700436126615509,0.7607969734654294,0.7797857076420333,0.46012238257482935,0.40626566652238666,0.41123936558942775,0.4044968031508887,960.2726244343899,2100.7040816326535,2191.282321496755,2011.7078205327944,0.15910114225525482,0.12562393879014502,0.1283271496324405,0.12588706531942728,0.3988748453528435,0.35443467492634667,0.3582277901453773,0.35480567261449936,PSM
64,5.5881868131868195,10.279289493575204,11.262710280373831,10.347505668934243,0.9323161698312471,0.8640049646315828,0.847056395605656,0.8605880132847106,0.7891934323182954,0.7604519166821598,0.7586455059093433,0.7629222352341473,652.6260073260077,1341.03127362056,1496.472710280374,1374.7254346182929,0.5810101437024519,0.5525791742670236,0.5525483633941828,0.5517374720159754,0.7622402139105834,0.7433566938334676,0.7433359693935057,0.7427903284345964,PSM
65,8.164253393665176,16.56223710858389,17.97968690339824,15.927247234771775,0.9347554178338326,0.8246616992373702,0.8149882243774499,0.8492405187012498,0.6097753346063837,0.5582833921267604,0.5543272953788246,0.5558813686854012,670.2565610859729,1824.0239912758998,1910.7129438717068,1568.3333852625028,0.3048429996200827,0.26310870922054547,0.2643254240569657,0.26396977860724236,0.5521258910973862,0.5129412336910979,0.5141258834730709,0.5137798931519628,PSM
66,10.582659932659919,16.387156596368648,17.034254143646386,16.68594471039806,0.9378507048333113,0.8711326606106908,0.8633399790758346,0.873444059611456,0.5137385059815656,0.4796024904740571,0.4829151524937566,0.4757520051734222,845.5886363636348,1753.769310389442,1859.7839354016128,1722.3132358649232,0.20598522667046393,0.1812769854373611,0.18586905450610608,0.17981745038816316,0.45385595365761583,0.425766350757503,0.4311253350315962,0.42404887735750835,PSM
67,10.259020146520157,18.083591622053177,19.540531791907505,18.310603925988563,0.9372838711206428,0.851081706548911,0.8319896958296937,0.8489859374512851,0.5644658460362014,0.517309438422369,0.5199929949296435,0.5170670131853768,937.9229395604398,2237.900159669392,2517.509086705202,2269.39475908707,0.2561529320801302,0.22676176054700925,0.2319593042199871,0.22743308362225975,0.5061155323442763,0.47619508664727866,0.4816215362917102,0.4768994481253462,PSM
68,11.246003016591265,17.823804330892663,18.044444444444437,17.44524069169652,0.9110527409642984,0.8214281426053295,0.8205084533143214,0.8381219147707819,0.5915839233295594,0.5517280874928013,0.5580044274765356,0.549398379516528,974.3941176470596,1978.0093472503486,1975.004505536464,1793.0953419535745,0.29776104547863963,0.2642622836652395,0.2714222249630823,0.262664803413472,0.545674853258458,0.5140644742298767,0.5209819814188225,0.5125083447256952,PSM
69,9.578800366300381,17.804264111956428,19.714774566473977,17.664036817882995,0.9432616539796579,0.8532427679271565,0.8297880988869718,0.8552726298284483,0.5542816105636217,0.5127523005613717,0.5078927107318512,0.5116490572664509,922.8237637362647,2396.776650699729,2775.946543352599,2363.625810087351,0.24837585034013643,0.21663394572881564,0.21669068101172753,0.2171118593648237,0.4983732038745025,0.4654395188730923,0.46550046295543845,0.4659526363964729,PSM
70,10.898717948717954,17.720672489903276,19.14598843930634,18.323189630881945,0.9344399601679337,0.8553831273669591,0.8366286004553224,0.851513259964217,0.5775471995753467,0.5421522559496107,0.544042005103068,0.5389752261436784,991.5620879120881,2202.758053911903,2477.971236994219,2261.7026392411035,0.28384990133874094,0.2561062113509178,0.25988431608139245,0.2536488593909974,0.5327756576071592,0.5060693740495643,0.5097885013232374,0.5036356415018673,PSM
71,9.663919413919421,17.72081337465954,18.22492485549133,16.45425941579788,0.9280780465238379,0.8297082470845855,0.8210495612940055,0.8444540990526246,0.5600048568556196,0.5112359157115988,0.5183741644672913,0.5198864937832908,874.8376373626379,2082.450314642624,2181.4510057803454,1902.1274067812546,0.250830484190718,0.221895429662515,0.22589480116275162,0.22305250874241087,0.5008297956299306,0.4710577774143157,0.4752839163728893,0.4722843515747805,PSM
72,7.57271062271063,15.554240631163731,16.782057803468206,14.817601202216602,0.944234767493052,0.8419882401853771,0.8221185790805066,0.8519686654735329,0.648340960234029,0.6045579053868698,0.6054781071309485,0.6069503952182056,656.2806776556779,1881.589180050721,2103.1989826589593,1762.7432140509084,0.3588258125612183,0.3273880405060376,0.33150339002305457,0.32851992189671336,0.59902071129571,0.5721783292873277,0.5757633107649831,0.5731665743016714,PSM
73,7.513003663003667,14.992486146332318,16.74071676300577,15.389593312670256,0.9428360804787308,0.8482548209978096,0.8212584615837327,0.8425586720211629,0.6673273399642792,0.6244993186033213,0.6254381174687753,0.6249178947052192,691.3301282051286,1858.6645064337392,2172.5592601156054,1928.4343007419961,0.38634207720316954,0.3553279949827198,0.35829531705035217,0.35387554243895225,0.6215642180846397,0.5960939481178448,0.5985777452013666,0.5948743921526226,PSM
74,8.23058608058609,15.808490654644517,16.83708670520231,15.317648163802021,0.9400453038847033,0.8433379686194133,0.8270106694493286,0.8517167602537412,0.6439756133739144,0.6058488667396636,0.6072561940312249,0.6094138118192066,741.4554029304032,1959.6040199117137,2149.021595375722,1854.7980651826822,0.3639562053864942,0.33101798315997394,0.3351532814327239,0.332039996406449,0.603287829635651,0.5753416230032153,0.5789242449860982,0.5762291179786466,PSM
75,8.972573260073268,16.862214708368565,17.885225433525996,16.058795904949772,0.9371620706606878,0.8428339644303592,0.8269064726109865,0.8527717169652245,0.6325090518262618,0.594574918377813,0.5960736981763648,0.5970564959656253,850.9000457875462,2151.2505870198197,2353.933225433525,2015.225039917349,0.3462175199838322,0.31560994079417526,0.3197782068228137,0.316303626529151,0.5884025152766023,0.5617917236789585,0.565489351644055,0.5624087717391604,PSM
76,11.364468864468872,17.865502019348177,19.090774566473996,18.802385648539502,0.9118794800537574,0.8251590088413889,0.8045044634976637,0.8156578552612272,0.5780431122247138,0.5441513483740149,0.5454915229272932,0.5397526176553146,1034.1147435897437,2067.939607401147,2301.425017341039,2180.31492439185,0.29073980325611537,0.2624383627537282,0.2660282701059171,0.2603767085744679,0.5392029332784786,0.5122873829733934,0.5157792842931141,0.510271210803106,PSM
77,11.596978021978032,18.16831032215648,19.15468208092485,19.253968253968253,0.9130186441972553,0.8287673608017366,0.8105021269156247,0.8176435285990407,0.5664314842220086,0.5295346085384387,0.5345897643169504,0.5283106603736785,1062.6391025641024,2106.543251620175,2321.5980578034673,2243.391190006576,0.27611384389801324,0.2486716337530221,0.25302486391125667,0.246247748594022,0.5254653593701618,0.4986698644925539,0.5030157690483039,0.4962335625429038,PSM
78,5.069611168073198,7.7554120835326,7.98867506137641,7.506791009086562,0.9739065268345064,0.9399969188546914,0.9348054497092168,0.9429353191478584,0.683170281254933,0.6676605086476741,0.6688812478580234,0.668948030368396,285.237952519915,659.3794675593814,714.1379425041566,627.089112067591,0.41514039531245245,0.40263901522137097,0.40424881032421606,0.4028123344923776,0.6443138950173685,0.6345384269068115,0.635805638795549,0.6346749833516188,PSM
79,8.69117647058826,17.051643558186623,18.82688048873614,16.473516124006846,0.9385579326284206,0.8264194057221496,0.8032609555647106,0.8411110622451111,0.5878604407142581,0.5317924002448884,0.5259696253441039,0.5341654278077838,621.3798642533942,1771.7615672223083,1999.2444444444436,1621.801760398815,0.27554189729030065,0.23429470998877966,0.23098702888006284,0.2343670823742635,0.524920848595577,0.48403998800592873,0.48061109941413427,0.48411474091816653,PSM
80,6.166666666666678,11.345427059712756,12.595700934579444,12.128968253968232,0.9347503349436264,0.8670370619031226,0.8476582422228685,0.8522669626086725,0.7444644361037872,0.7094971257439732,0.7058620811360643,0.7072515281403128,657.3681318681321,1366.2518896447455,1554.7283177570089,1518.021069538926,0.5037201982617511,0.4721118155233232,0.47157512446501876,0.4693285073120528,0.7097324835892401,0.6871039335670573,0.686713276750216,0.6850755486163936,PSM
81,10.16131221719459,18.286025860725964,19.67835051546392,17.713039414238985,0.929679841495671,0.8173900330561363,0.8044612690808771,0.8407026638937538,0.5394617287390026,0.49520522991271265,0.4936054037958656,0.49208476976863885,790.5394419306199,2063.3807446642786,2202.0867506681952,1799.962299423586,0.2383623105815019,0.20042069907501445,0.19937592367346404,0.19972588352254317,0.488223627635433,0.44768370427681914,0.44651531180180604,0.4469070188781366,PSM
82,7.402838827838839,12.666194255479965,13.944018691588777,13.341364323507173,0.9226829952012248,0.8499729625178426,0.8296607374687185,0.8386696864383124,0.7231143766318355,0.6915992534169502,0.6901890138524173,0.6901749854747256,780.843406593407,1544.0157785336346,1741.6706542056077,1660.3443877551003,0.48262160115525543,0.4525772224018307,0.4522016507991964,0.44991868314471106,0.6947097243851243,0.6727385988642474,0.6724594045733886,0.6707597805061891,PSM
83,11.518702865761705,21.462221529833307,21.174035891561658,19.3305810873968,0.9026433472356669,0.7732167753213299,0.77673079882761,0.8011151912000004,0.5214393150332662,0.46652438193552576,0.4763892056321618,0.4747383038255832,1060.3176470588248,2479.6642779249114,2435.849255441009,2174.620968998286,0.21342300924314536,0.1806091013589822,0.1905532178060845,0.18206133627625065,0.46197728217212736,0.424981295304843,0.4365240174447272,0.4266864613228906,PSM
84,12.297812971342411,21.352702913226388,21.731042382588768,19.64745287427951,0.91036625906198,0.7947125935471226,0.7914300925529789,0.8215910455379102,0.4851681251406274,0.4284983969082192,0.4343838147553282,0.433517827982727,1064.0314479638018,2430.3754478890824,2471.2186330660547,2112.164355818666,0.17688592974026868,0.1444836588274497,0.1506648699454641,0.1470269857258215,0.4205780899431979,0.38011006146568876,0.3881557289870447,0.3834409807595186,PSM
